loan_id,account_id,date,amount,duration,payments,status
5314,1787,"1993-07-05 00:00:00",96396,12,8033,B
5316,1801,"1993-07-11 00:00:00",165960,36,4610,A
6863,9188,"1993-07-28 00:00:00",127080,60,2118,A
5325,1843,"1993-08-03 00:00:00",105804,36,2939,A
7240,11013,"1993-09-06 00:00:00",274740,60,4579,A
6687,8261,"1993-09-13 00:00:00",87840,24,3660,A
7284,11265,"1993-09-15 00:00:00",52788,12,4399,A
6111,5428,"1993-09-24 00:00:00",174744,24,7281,B
7235,10973,"1993-10-13 00:00:00",154416,48,3217,A
5997,4894,"1993-11-04 00:00:00",117024,24,4876,A
7121,10364,"1993-11-10 00:00:00",21924,36,609,A
6077,5270,"1993-11-22 00:00:00",79608,24,3317,A
6228,6034,"1993-12-01 00:00:00",464520,60,7742,B
6356,6701,"1993-12-08 00:00:00",95400,36,2650,A
5523,2705,"1993-12-08 00:00:00",93888,36,2608,A
6456,7123,"1993-12-09 00:00:00",47016,12,3918,A
7104,10320,"1993-12-13 00:00:00",259740,60,4329,A
6820,9034,"1993-12-16 00:00:00",38148,12,3179,A
6876,9236,"1993-12-21 00:00:00",86616,12,7218,A
7097,10266,"1993-12-23 00:00:00",75624,24,3151,B
4959,2,"1994-01-05 00:00:00",80952,24,3373,A
6499,7401,"1994-01-05 00:00:00",80952,24,3373,A
5479,2486,"1994-01-10 00:00:00",24516,12,2043,A
5170,1071,"1994-01-20 00:00:00",253200,60,4220,C
6721,8475,"1994-01-21 00:00:00",21072,24,878,A
7259,11111,"1994-01-31 00:00:00",108144,36,3004,A
5285,1603,"1994-02-06 00:00:00",78936,12,6578,A
5189,1166,"1994-02-07 00:00:00",149040,48,3105,A
6650,8073,"1994-02-17 00:00:00",49320,12,4110,B
7226,10940,"1994-02-23 00:00:00",197748,36,5493,A
6087,5313,"1994-02-27 00:00:00",300660,60,5011,C
7262,11135,"1994-03-01 00:00:00",182628,36,5073,A
5519,2694,"1994-03-08 00:00:00",91632,12,7636,A
6577,7753,"1994-03-11 00:00:00",51696,24,2154,A
6509,7445,"1994-03-15 00:00:00",55368,24,2307,A
6520,7485,"1994-03-16 00:00:00",91200,24,3800,A
6699,8330,"1994-03-30 00:00:00",7656,24,319,A
6336,6555,"1994-03-31 00:00:00",212400,36,5900,A
7055,10079,"1994-04-06 00:00:00",167100,60,2785,C
6103,5385,"1994-04-07 00:00:00",149340,60,2489,C
6202,5891,"1994-04-18 00:00:00",65184,12,5432,A
7066,10131,"1994-05-02 00:00:00",215388,36,5983,B
6696,8321,"1994-05-09 00:00:00",89040,60,1484,C
6072,5256,"1994-05-10 00:00:00",193968,36,5388,A
5130,813,"1994-05-11 00:00:00",24312,12,2026,A
5568,2933,"1994-05-17 00:00:00",272520,60,4542,C
6678,8173,"1994-05-20 00:00:00",80340,12,6695,A
6998,9833,"1994-05-21 00:00:00",97632,12,8136,A
6580,7769,"1994-05-22 00:00:00",196080,48,4085,A
6316,6473,"1994-05-26 00:00:00",76908,12,6409,B
6512,7454,"1994-05-26 00:00:00",63312,48,1319,A
6407,6930,"1994-05-26 00:00:00",25944,24,1081,A
5002,173,"1994-05-31 00:00:00",104808,12,8734,A
6647,8051,"1994-06-01 00:00:00",208320,48,4340,A
7137,10439,"1994-06-03 00:00:00",151560,24,6315,A
6903,9337,"1994-06-04 00:00:00",52128,24,2172,A
5918,4576,"1994-06-04 00:00:00",300204,36,8339,A
6642,8027,"1994-06-05 00:00:00",77640,12,6470,A
6210,5927,"1994-06-06 00:00:00",87216,48,1817,B
6279,6273,"1994-06-07 00:00:00",87360,24,3640,A
7249,11065,"1994-06-12 00:00:00",69360,48,1445,A
6736,8558,"1994-06-14 00:00:00",288360,60,4806,C
6112,5442,"1994-06-17 00:00:00",174744,24,7281,B
5319,1811,"1994-06-23 00:00:00",239460,60,3991,C
6596,7844,"1994-06-25 00:00:00",91584,24,3816,A
5837,4260,"1994-06-29 00:00:00",244560,60,4076,C
5657,3354,"1994-07-05 00:00:00",4980,12,415,A
5533,2762,"1994-07-05 00:00:00",111384,24,4641,A
6232,6051,"1994-07-08 00:00:00",276660,36,7685,B
6888,9265,"1994-07-11 00:00:00",39576,12,3298,A
6066,5228,"1994-07-11 00:00:00",173808,24,7242,A
5549,2824,"1994-07-16 00:00:00",50460,60,841,C
5060,426,"1994-07-19 00:00:00",252060,60,4201,D
6004,4937,"1994-07-23 00:00:00",143904,24,5996,A
5126,790,"1994-07-24 00:00:00",208128,48,4336,B
7220,10911,"1994-07-28 00:00:00",131292,36,3647,A
6668,8129,"1994-07-30 00:00:00",74736,36,2076,A
5395,2176,"1994-07-30 00:00:00",299088,36,8308,B
6836,9093,"1994-08-03 00:00:00",189300,60,3155,C
6064,5215,"1994-08-04 00:00:00",14628,12,1219,A
6919,9403,"1994-08-05 00:00:00",120888,36,3358,A
6841,9104,"1994-08-07 00:00:00",172080,48,3585,A
6038,5120,"1994-08-10 00:00:00",323472,48,6739,A
6729,8519,"1994-08-11 00:00:00",74688,12,6224,A
7198,10788,"1994-08-23 00:00:00",45768,12,3814,A
6686,8260,"1994-08-25 00:00:00",224604,36,6239,A
5836,4259,"1994-08-27 00:00:00",79632,24,3318,A
7061,10105,"1994-08-27 00:00:00",121896,24,5079,A
5595,3050,"1994-09-02 00:00:00",82896,12,6908,A
5723,3674,"1994-09-10 00:00:00",23628,12,1969,A
6120,5481,"1994-09-11 00:00:00",209184,48,4358,A
6895,9307,"1994-09-19 00:00:00",41904,12,3492,A
5882,4427,"1994-09-26 00:00:00",87816,12,7318,A
5754,3834,"1994-09-28 00:00:00",23052,12,1921,A
6594,7824,"1994-09-28 00:00:00",189696,24,7904,B
6738,8566,"1994-09-29 00:00:00",230220,36,6395,B
6624,7965,"1994-09-30 00:00:00",71460,12,5955,A
6216,5952,"1994-09-30 00:00:00",141240,24,5885,A
6229,6040,"1994-10-02 00:00:00",11736,24,489,A
5887,4448,"1994-10-03 00:00:00",192744,36,5354,A
6808,8982,"1994-10-12 00:00:00",227880,36,6330,A
6297,6363,"1994-10-25 00:00:00",17508,12,1459,A
5161,1012,"1994-10-28 00:00:00",98184,24,4091,A
5390,2167,"1994-10-30 00:00:00",170256,24,7094,A
6150,5622,"1994-11-02 00:00:00",83016,12,6918,A
6223,5991,"1994-11-03 00:00:00",61056,48,1272,A
5032,290,"1994-11-03 00:00:00",123696,48,2577,A
6253,6148,"1994-11-04 00:00:00",59760,24,2490,A
6460,7133,"1994-11-06 00:00:00",48672,36,1352,A
6645,8041,"1994-11-06 00:00:00",140400,36,3900,A
5176,1106,"1994-11-12 00:00:00",192552,24,8023,B
5269,1527,"1994-11-19 00:00:00",164052,36,4557,B
5351,1978,"1994-12-04 00:00:00",205200,36,5700,A
5861,4337,"1994-12-08 00:00:00",51408,24,2142,A
5450,2345,"1994-12-11 00:00:00",199680,60,3328,C
7142,10451,"1994-12-19 00:00:00",482940,60,8049,D
6306,6425,"1994-12-20 00:00:00",36684,12,3057,A
6272,6226,"1994-12-20 00:00:00",398640,60,6644,C
5044,344,"1994-12-21 00:00:00",100980,60,1683,C
5576,2962,"1994-12-21 00:00:00",31248,12,2604,A
7192,10738,"1994-12-21 00:00:00",115992,36,3222,A
5739,3747,"1995-01-02 00:00:00",76380,12,6365,A
6526,7523,"1995-01-03 00:00:00",288468,36,8013,A
5624,3166,"1995-01-03 00:00:00",177744,48,3703,D
6244,6118,"1995-01-08 00:00:00",270648,36,7518,B
5131,816,"1995-01-08 00:00:00",48624,24,2026,A
6960,9640,"1995-01-11 00:00:00",76416,24,3184,A
6358,6715,"1995-01-14 00:00:00",137880,60,2298,D
5418,2245,"1995-01-16 00:00:00",347952,48,7249,C
6598,7857,"1995-01-18 00:00:00",68112,12,5676,A
5464,2419,"1995-01-30 00:00:00",95808,12,7984,A
6591,7819,"1995-02-02 00:00:00",20832,48,434,C
5724,3678,"1995-02-05 00:00:00",316140,60,5269,D
6315,6472,"1995-02-06 00:00:00",43164,12,3597,A
5876,4413,"1995-02-08 00:00:00",221280,48,4610,C
6986,9750,"1995-02-11 00:00:00",151728,48,3161,D
6294,6353,"1995-02-12 00:00:00",79920,60,1332,C
5132,817,"1995-02-17 00:00:00",538500,60,8975,C
5877,4414,"1995-02-23 00:00:00",97224,24,4051,A
6227,6030,"1995-03-04 00:00:00",28248,24,1177,A
7241,11021,"1995-03-04 00:00:00",168984,24,7041,B
6737,8564,"1995-03-11 00:00:00",76680,24,3195,A
7004,9869,"1995-03-15 00:00:00",331560,60,5526,C
6169,5700,"1995-03-16 00:00:00",103680,60,1728,D
5208,1247,"1995-03-16 00:00:00",99696,48,2077,D
6694,8316,"1995-03-19 00:00:00",134784,24,5616,A
5599,3064,"1995-03-21 00:00:00",15420,12,1285,A
6546,7607,"1995-03-27 00:00:00",31728,24,1322,A
5414,2228,"1995-03-29 00:00:00",185952,48,3874,C
5453,2361,"1995-04-01 00:00:00",156672,36,4352,A
5740,3752,"1995-04-02 00:00:00",18564,12,1547,A
5804,4079,"1995-04-05 00:00:00",158976,48,3312,C
6745,8625,"1995-04-10 00:00:00",47304,24,1971,A
6950,9591,"1995-04-11 00:00:00",104712,24,4363,A
6996,9828,"1995-04-13 00:00:00",126600,24,5275,A
5352,1993,"1995-04-15 00:00:00",68400,12,5700,B
6151,5628,"1995-04-25 00:00:00",225420,60,3757,C
5310,1762,"1995-04-28 00:00:00",248148,36,6893,A
5045,347,"1995-05-01 00:00:00",187224,24,7801,B
6929,9472,"1995-05-08 00:00:00",36396,12,3033,A
5151,960,"1995-05-24 00:00:00",189060,60,3151,C
5212,1256,"1995-05-29 00:00:00",71064,36,1974,A
5138,854,"1995-05-30 00:00:00",87216,48,1817,C
5713,3629,"1995-05-30 00:00:00",158760,60,2646,C
6704,8377,"1995-06-01 00:00:00",417060,60,6951,C
6474,7190,"1995-06-06 00:00:00",63360,60,1056,C
6676,8159,"1995-06-13 00:00:00",29784,24,1241,A
6965,9656,"1995-06-13 00:00:00",139536,24,5814,A
6725,8489,"1995-06-23 00:00:00",265320,36,7370,A
7166,10630,"1995-06-24 00:00:00",198240,24,8260,A
7138,10440,"1995-07-03 00:00:00",60000,60,1000,C
5970,4774,"1995-07-09 00:00:00",465072,48,9689,C
6157,5650,"1995-07-10 00:00:00",98592,24,4108,A
6153,5632,"1995-07-25 00:00:00",285600,60,4760,C
5693,3489,"1995-08-01 00:00:00",44088,24,1837,A
5922,4580,"1995-08-05 00:00:00",20220,12,1685,A
5959,4727,"1995-08-11 00:00:00",107640,24,4485,A
5980,4825,"1995-08-18 00:00:00",21396,12,1783,A
6764,8776,"1995-08-26 00:00:00",33984,48,708,C
5237,1375,"1995-08-29 00:00:00",45336,24,1889,A
6726,8492,"1995-09-03 00:00:00",85860,60,1431,C
6933,9493,"1995-09-09 00:00:00",188688,48,3931,C
5145,915,"1995-09-16 00:00:00",309552,48,6449,C
7008,9897,"1995-09-22 00:00:00",36168,12,3014,A
7227,10942,"1995-10-02 00:00:00",314520,60,5242,C
6600,7861,"1995-10-08 00:00:00",21852,36,607,A
6712,8405,"1995-10-14 00:00:00",266220,60,4437,C
7057,10093,"1995-10-20 00:00:00",231696,36,6436,A
7176,10663,"1995-10-28 00:00:00",260028,36,7223,A
7304,11349,"1995-10-29 00:00:00",419880,60,6998,C
6362,6738,"1995-10-31 00:00:00",37908,12,3159,A
5880,4423,"1995-10-31 00:00:00",73836,36,2051,A
6535,7546,"1995-11-02 00:00:00",41952,12,3496,A
5449,2343,"1995-11-04 00:00:00",99336,24,4139,A
6342,6609,"1995-11-12 00:00:00",60156,36,1671,B
5409,2218,"1995-11-18 00:00:00",182040,60,3034,C
6955,9627,"1995-11-22 00:00:00",244368,48,5091,C
6985,9731,"1995-11-22 00:00:00",113796,36,3161,A
5125,789,"1995-11-23 00:00:00",73056,48,1522,C
5805,4081,"1995-11-28 00:00:00",137904,24,5746,B
6185,5774,"1995-11-28 00:00:00",31176,24,1299,A
7243,11042,"1995-12-04 00:00:00",217152,36,6032,A
6403,6924,"1995-12-05 00:00:00",194880,48,4060,C
6578,7765,"1995-12-11 00:00:00",27984,12,2332,A
5413,2227,"1995-12-12 00:00:00",92976,24,3874,A
6949,9583,"1995-12-12 00:00:00",104712,24,4363,A
6545,7606,"1995-12-12 00:00:00",191880,60,3198,C
6178,5742,"1995-12-16 00:00:00",232560,48,4845,C
5160,1011,"1995-12-18 00:00:00",204000,60,3400,C
6785,8899,"1995-12-25 00:00:00",125340,60,2089,C
6540,7562,"1995-12-31 00:00:00",309600,48,6450,C
6589,7815,"1996-01-01 00:00:00",189696,24,7904,A
5900,4503,"1996-01-01 00:00:00",135360,48,2820,C
5999,4907,"1996-01-03 00:00:00",98832,48,2059,C
6043,5126,"1996-01-11 00:00:00",20352,48,424,C
5482,2496,"1996-01-12 00:00:00",165120,60,2752,C
7263,11138,"1996-01-19 00:00:00",89880,24,3745,A
6013,4995,"1996-02-03 00:00:00",128988,36,3583,D
5750,3804,"1996-02-08 00:00:00",63252,12,5271,A
6027,5066,"1996-02-10 00:00:00",61656,24,2569,B
6303,6400,"1996-02-12 00:00:00",72408,24,3017,B
7213,10884,"1996-02-13 00:00:00",113544,36,3154,C
6659,8092,"1996-02-20 00:00:00",56100,60,935,C
6175,5735,"1996-02-21 00:00:00",290700,60,4845,D
5610,3112,"1996-02-24 00:00:00",123216,48,2567,C
5563,2912,"1996-02-29 00:00:00",380160,60,6336,C
5989,4852,"1996-03-04 00:00:00",213300,36,5925,C
6698,8327,"1996-03-10 00:00:00",247728,48,5161,C
5312,1772,"1996-03-13 00:00:00",202788,36,5633,C
7189,10728,"1996-03-21 00:00:00",154656,48,3222,C
6816,9017,"1996-03-26 00:00:00",100224,48,2088,D
6137,5574,"1996-04-10 00:00:00",44628,12,3719,A
5128,808,"1996-04-11 00:00:00",215616,48,4492,D
5470,2456,"1996-04-15 00:00:00",200976,48,4187,C
5593,3037,"1996-04-18 00:00:00",277884,36,7719,D
5350,1967,"1996-04-21 00:00:00",249312,48,5194,C
6063,5213,"1996-04-25 00:00:00",320976,48,6687,D
6501,7418,"1996-04-29 00:00:00",30276,12,2523,B
5452,2352,"1996-04-29 00:00:00",49440,60,824,C
4961,19,"1996-04-29 00:00:00",30276,12,2523,B
4973,67,"1996-05-02 00:00:00",165960,24,6915,A
6190,5794,"1996-05-06 00:00:00",123600,60,2060,C
6715,8411,"1996-05-06 00:00:00",220620,60,3677,C
5892,4462,"1996-05-14 00:00:00",66480,24,2770,B
6550,7614,"1996-05-18 00:00:00",320592,48,6679,C
5706,3608,"1996-05-24 00:00:00",161496,36,4486,C
5148,940,"1996-05-29 00:00:00",284280,60,4738,C
6734,8547,"1996-05-30 00:00:00",173016,36,4806,C
6109,5422,"1996-06-03 00:00:00",368880,60,6148,C
6961,9645,"1996-06-06 00:00:00",176148,36,4893,C
6810,9006,"1996-06-08 00:00:00",186384,48,3883,C
5494,2572,"1996-06-13 00:00:00",360000,48,7500,C
5311,1766,"1996-06-15 00:00:00",30060,60,501,C
5445,2322,"1996-06-29 00:00:00",46320,24,1930,A
5301,1698,"1996-07-06 00:00:00",141948,36,3943,C
7034,10001,"1996-07-11 00:00:00",19044,36,529,C
6751,8680,"1996-07-14 00:00:00",85716,36,2381,C
6667,8127,"1996-07-15 00:00:00",155880,24,6495,A
6130,5541,"1996-07-18 00:00:00",32640,48,680,C
5429,2268,"1996-07-18 00:00:00",20196,36,561,C
5725,3679,"1996-07-23 00:00:00",444864,48,9268,C
6019,5033,"1996-07-25 00:00:00",11400,12,950,A
6421,6985,"1996-07-25 00:00:00",96768,36,2688,C
6992,9790,"1996-07-27 00:00:00",133968,48,2791,C
5136,846,"1996-07-28 00:00:00",187104,24,7796,A
5337,1886,"1996-07-31 00:00:00",162468,36,4513,C
5495,2580,"1996-08-02 00:00:00",89340,60,1489,C
7013,9928,"1996-08-02 00:00:00",89340,60,1489,C
6012,4994,"1996-08-03 00:00:00",258444,36,7179,C
6471,7184,"1996-08-04 00:00:00",155640,24,6485,A
6296,6358,"1996-08-06 00:00:00",270384,48,5633,C
7305,11359,"1996-08-06 00:00:00",54024,12,4502,A
6144,5593,"1996-08-09 00:00:00",44376,12,3698,A
6283,6289,"1996-08-11 00:00:00",85632,48,1784,C
7246,11054,"1996-08-20 00:00:00",148920,60,2482,C
5088,544,"1996-08-22 00:00:00",91152,24,3798,A
5988,4851,"1996-08-22 00:00:00",141648,24,5902,A
5282,1583,"1996-08-24 00:00:00",388512,48,8094,D
5938,4650,"1996-08-25 00:00:00",402000,60,6700,C
5606,3084,"1996-08-28 00:00:00",253512,36,7042,D
5385,2143,"1996-09-09 00:00:00",71460,36,1985,C
6865,9199,"1996-09-11 00:00:00",29448,12,2454,B
5586,2994,"1996-09-14 00:00:00",48744,36,1354,C
6302,6397,"1996-09-16 00:00:00",181020,60,3017,C
7194,10762,"1996-09-17 00:00:00",68832,36,1912,C
6461,7136,"1996-09-19 00:00:00",74124,36,2059,C
6732,8533,"1996-09-19 00:00:00",174048,48,3626,C
6613,7926,"1996-09-22 00:00:00",84120,24,3505,A
7036,10019,"1996-09-25 00:00:00",194940,36,5415,C
5897,4476,"1996-09-25 00:00:00",15192,24,633,A
6995,9814,"1996-09-26 00:00:00",96168,12,8014,A
5415,2236,"1996-09-26 00:00:00",139464,36,3874,D
7136,10436,"1996-09-28 00:00:00",54396,36,1511,C
7271,11186,"1996-10-02 00:00:00",392460,60,6541,C
5375,2106,"1996-10-03 00:00:00",101520,12,8460,A
5635,3230,"1996-10-04 00:00:00",77184,36,2144,C
6817,9024,"1996-10-04 00:00:00",70656,48,1472,C
5923,4585,"1996-10-10 00:00:00",64656,48,1347,C
5329,1862,"1996-10-16 00:00:00",396120,60,6602,C
6644,8039,"1996-10-20 00:00:00",93600,24,3900,A
6354,6688,"1996-10-23 00:00:00",22968,36,638,C
5082,501,"1996-10-24 00:00:00",262980,60,4383,C
6585,7795,"1996-10-29 00:00:00",372120,60,6202,C
6921,9422,"1996-10-29 00:00:00",86184,12,7182,A
5366,2062,"1996-10-29 00:00:00",86184,12,7182,A
5886,4447,"1996-10-31 00:00:00",192744,36,5354,C
5741,3754,"1996-11-03 00:00:00",68544,24,2856,A
4996,132,"1996-11-06 00:00:00",88440,12,7370,A
6015,5001,"1996-11-09 00:00:00",110112,24,4588,A
6309,6434,"1996-11-11 00:00:00",110136,24,4589,A
6073,5263,"1996-11-12 00:00:00",276300,60,4605,C
6006,4948,"1996-11-15 00:00:00",359760,60,5996,C
5611,3115,"1996-11-15 00:00:00",321180,60,5353,C
6944,9548,"1996-11-15 00:00:00",46176,48,962,C
7101,10297,"1996-11-18 00:00:00",421008,48,8771,C
6599,7859,"1996-11-19 00:00:00",72120,12,6010,A
6940,9510,"1996-11-22 00:00:00",228276,36,6341,C
5209,1250,"1996-11-25 00:00:00",182640,48,3805,C
5388,2153,"1996-11-28 00:00:00",61560,12,5130,A
6011,4981,"1996-11-28 00:00:00",179328,48,3736,C
5591,3021,"1996-12-04 00:00:00",155616,48,3242,C
7154,10520,"1996-12-05 00:00:00",417600,60,6960,C
7130,10411,"1996-12-11 00:00:00",123408,24,5142,A
6818,9030,"1996-12-12 00:00:00",155616,48,3242,C
5625,3189,"1996-12-15 00:00:00",222180,60,3703,D
6805,8972,"1996-12-21 00:00:00",45024,48,938,C
7233,10963,"1996-12-25 00:00:00",115812,36,3217,C
7308,11362,"1996-12-27 00:00:00",129408,24,5392,A
5895,4473,"1997-01-03 00:00:00",93960,60,1566,C
7122,10365,"1997-01-04 00:00:00",260640,36,7240,D
6173,5724,"1997-01-08 00:00:00",232560,48,4845,C
6142,5591,"1997-01-21 00:00:00",221880,60,3698,C
5358,2018,"1997-01-21 00:00:00",38520,12,3210,A
6095,5358,"1997-01-24 00:00:00",68340,60,1139,C
6878,9242,"1997-01-24 00:00:00",23184,12,1932,A
6554,7637,"1997-01-29 00:00:00",390096,48,8127,C
6793,8931,"1997-01-30 00:00:00",186300,60,3105,C
7286,11271,"1997-01-31 00:00:00",67320,36,1870,C
6076,5269,"1997-02-02 00:00:00",117420,60,1957,C
5134,825,"1997-02-02 00:00:00",53076,12,4423,A
5419,2246,"1997-02-05 00:00:00",415800,60,6930,C
6255,6158,"1997-02-08 00:00:00",247920,48,5165,D
5656,3353,"1997-02-09 00:00:00",146064,24,6086,C
6934,9494,"1997-02-09 00:00:00",116832,12,9736,A
6028,5072,"1997-02-09 00:00:00",317520,60,5292,C
6490,7262,"1997-02-10 00:00:00",73260,60,1221,C
6415,6950,"1997-02-12 00:00:00",475680,48,9910,C
7087,10215,"1997-02-20 00:00:00",44304,24,1846,C
5420,2247,"1997-02-24 00:00:00",72504,24,3021,C
5977,4803,"1997-02-25 00:00:00",59136,48,1232,C
6824,9052,"1997-02-26 00:00:00",71976,24,2999,D
5207,1244,"1997-02-28 00:00:00",35904,48,748,C
7115,10351,"1997-03-04 00:00:00",88704,48,1848,C
7250,11069,"1997-03-04 00:00:00",119136,48,2482,C
6010,4969,"1997-03-06 00:00:00",150180,60,2503,C
6088,5317,"1997-03-07 00:00:00",90180,36,2505,C
5682,3455,"1997-03-07 00:00:00",67464,12,5622,A
7201,10807,"1997-03-07 00:00:00",67464,12,5622,A
6938,9504,"1997-03-10 00:00:00",341280,60,5688,C
6875,9235,"1997-03-13 00:00:00",83280,48,1735,C
5953,4715,"1997-03-14 00:00:00",97176,24,4049,C
5942,4681,"1997-03-15 00:00:00",162624,48,3388,C
5382,2134,"1997-03-17 00:00:00",22932,36,637,C
6377,6792,"1997-03-17 00:00:00",17184,12,1432,A
5931,4618,"1997-03-17 00:00:00",66696,24,2779,D
5992,4863,"1997-03-18 00:00:00",76080,12,6340,A
5790,4033,"1997-03-20 00:00:00",84288,48,1756,C
6753,8688,"1997-03-20 00:00:00",67980,12,5665,A
6562,7674,"1997-03-21 00:00:00",94488,24,3937,C
7046,10049,"1997-03-28 00:00:00",91632,12,7636,A
5868,4361,"1997-03-29 00:00:00",90156,12,7513,A
5784,3967,"1997-03-29 00:00:00",84600,36,2350,D
5878,4415,"1997-04-01 00:00:00",74040,12,6170,A
5110,675,"1997-04-01 00:00:00",102240,60,1704,C
5210,1252,"1997-04-01 00:00:00",148140,36,4115,C
7230,10954,"1997-04-02 00:00:00",18720,60,312,C
5005,176,"1997-04-10 00:00:00",27456,12,2288,A
6871,9225,"1997-04-13 00:00:00",164256,48,3422,C
5363,2051,"1997-04-22 00:00:00",293880,60,4898,D
7253,11079,"1997-04-26 00:00:00",98304,12,8192,A
6055,5181,"1997-04-28 00:00:00",399120,60,6652,C
5072,472,"1997-04-28 00:00:00",196800,24,8200,D
6913,9377,"1997-04-29 00:00:00",99936,24,4164,C
6386,6856,"1997-04-30 00:00:00",124344,36,3454,C
5634,3229,"1997-05-01 00:00:00",39024,12,3252,A
5758,3859,"1997-05-02 00:00:00",307200,60,5120,D
6819,9031,"1997-05-03 00:00:00",50112,24,2088,C
7088,10233,"1997-05-03 00:00:00",239160,60,3986,C
5039,314,"1997-05-03 00:00:00",66840,24,2785,C
5532,2754,"1997-05-04 00:00:00",335280,48,6985,C
6037,5118,"1997-05-04 00:00:00",53232,48,1109,C
6322,6510,"1997-05-06 00:00:00",76992,24,3208,C
6887,9263,"1997-05-08 00:00:00",39576,12,3298,A
6660,8094,"1997-05-09 00:00:00",220428,36,6123,C
5451,2350,"1997-05-11 00:00:00",159744,48,3328,C
6014,4999,"1997-05-18 00:00:00",165168,36,4588,C
5556,2872,"1997-05-19 00:00:00",268320,60,4472,C
6346,6649,"1997-05-22 00:00:00",100260,60,1671,C
5850,4293,"1997-05-22 00:00:00",164196,36,4561,C
5940,4660,"1997-05-28 00:00:00",106944,24,4456,C
7119,10361,"1997-06-02 00:00:00",86880,12,7240,A
5253,1447,"1997-06-03 00:00:00",100080,48,2085,C
6851,9138,"1997-06-03 00:00:00",272220,60,4537,D
6695,8320,"1997-06-04 00:00:00",309660,60,5161,C
6908,9353,"1997-06-08 00:00:00",188616,24,7859,C
7255,11096,"1997-06-09 00:00:00",213300,60,3555,C
5674,3418,"1997-06-10 00:00:00",207264,48,4318,C
6278,6265,"1997-06-10 00:00:00",87360,24,3640,C
5486,2516,"1997-06-13 00:00:00",466608,48,9721,C
5174,1093,"1997-06-13 00:00:00",385104,48,8023,C
6621,7957,"1997-06-14 00:00:00",42900,12,3575,A
6313,6461,"1997-06-15 00:00:00",150912,36,4192,C
6435,7045,"1997-06-16 00:00:00",288720,48,6015,C
6970,9677,"1997-06-17 00:00:00",31620,60,527,C
6310,6440,"1997-06-17 00:00:00",34572,12,2881,A
5932,4626,"1997-06-18 00:00:00",33348,12,2779,A
6877,9241,"1997-06-19 00:00:00",285240,60,4754,C
6763,8772,"1997-06-19 00:00:00",88272,48,1839,C
7085,10202,"1997-06-19 00:00:00",305424,48,6363,C
7049,10063,"1997-06-24 00:00:00",233424,36,6484,C
6959,9633,"1997-06-30 00:00:00",59448,24,2477,D
5214,1270,"1997-07-01 00:00:00",74772,36,2077,C
6350,6678,"1997-07-09 00:00:00",294384,48,6133,C
5063,442,"1997-07-10 00:00:00",357840,48,7455,D
5041,319,"1997-07-11 00:00:00",369000,60,6150,C
5086,525,"1997-07-16 00:00:00",210384,48,4383,C
6942,9513,"1997-07-16 00:00:00",18324,12,1527,A
5270,1528,"1997-07-21 00:00:00",191088,48,3981,C
6705,8381,"1997-07-25 00:00:00",333648,48,6951,D
7051,10068,"1997-07-28 00:00:00",77808,12,6484,A
6758,8742,"1997-07-29 00:00:00",33144,12,2762,A
6249,6138,"1997-07-30 00:00:00",67608,24,2817,C
5808,4099,"1997-07-31 00:00:00",41856,48,872,C
5377,2116,"1997-08-04 00:00:00",92400,12,7700,A
5446,2334,"1997-08-04 00:00:00",48312,24,2013,C
5856,4320,"1997-08-09 00:00:00",51360,12,4280,B
4986,97,"1997-08-10 00:00:00",102876,12,8573,A
7001,9859,"1997-08-10 00:00:00",300600,60,5010,C
6677,8169,"1997-08-12 00:00:00",97980,60,1633,C
6665,8114,"1997-08-15 00:00:00",99300,60,1655,C
5817,4127,"1997-08-15 00:00:00",100800,24,4200,D
6984,9730,"1997-08-15 00:00:00",116040,60,1934,C
6541,7565,"1997-08-17 00:00:00",153504,48,3198,C
5117,718,"1997-08-20 00:00:00",76944,12,6412,A
6097,5362,"1997-08-21 00:00:00",202848,48,4226,C
5389,2165,"1997-08-22 00:00:00",78600,24,3275,C
7219,10905,"1997-08-23 00:00:00",57120,48,1190,C
6338,6592,"1997-08-24 00:00:00",390660,60,6511,C
6922,9424,"1997-08-26 00:00:00",83628,36,2323,C
5367,2064,"1997-08-26 00:00:00",83628,36,2323,C
5638,3249,"1997-08-27 00:00:00",68124,12,5677,A
5830,4190,"1997-08-28 00:00:00",405780,60,6763,C
5338,1888,"1997-08-30 00:00:00",57360,12,4780,B
6007,4949,"1997-08-30 00:00:00",289920,48,6040,C
6612,7907,"1997-08-31 00:00:00",97392,12,8116,A
5718,3637,"1997-09-01 00:00:00",14028,12,1169,A
6104,5395,"1997-09-05 00:00:00",158184,36,4394,C
5229,1329,"1997-09-06 00:00:00",23520,12,1960,A
6625,7966,"1997-09-07 00:00:00",473280,60,7888,D
5206,1242,"1997-09-07 00:00:00",128544,24,5356,C
5963,4746,"1997-09-07 00:00:00",204780,60,3413,C
4990,110,"1997-09-08 00:00:00",162576,36,4516,C
6641,8026,"1997-09-09 00:00:00",128268,36,3563,C
5369,2080,"1997-09-12 00:00:00",214596,36,5961,C
6196,5837,"1997-09-14 00:00:00",177804,36,4939,C
5236,1374,"1997-09-15 00:00:00",389136,48,8107,C
5719,3664,"1997-09-20 00:00:00",271584,48,5658,C
5643,3273,"1997-09-21 00:00:00",94512,12,7876,B
7050,10065,"1997-09-23 00:00:00",311232,48,6484,C
6355,6699,"1997-09-24 00:00:00",127200,48,2650,C
6688,8268,"1997-09-26 00:00:00",8616,24,359,C
6239,6083,"1997-09-28 00:00:00",360864,48,7518,D
5531,2753,"1997-09-30 00:00:00",66432,24,2768,C
6113,5445,"1997-10-01 00:00:00",78696,36,2186,C
7181,10679,"1997-10-02 00:00:00",197808,24,8242,C
6118,5477,"1997-10-04 00:00:00",349392,48,7279,C
7264,11141,"1997-10-07 00:00:00",44940,12,3745,A
5343,1906,"1997-10-08 00:00:00",44952,24,1873,C
5051,378,"1997-10-11 00:00:00",230400,60,3840,C
5779,3942,"1997-10-14 00:00:00",107352,36,2982,C
6605,7890,"1997-10-14 00:00:00",79344,48,1653,C
6655,8085,"1997-10-17 00:00:00",260400,60,4340,D
6534,7542,"1997-10-19 00:00:00",590820,60,9847,C
5681,3448,"1997-10-20 00:00:00",68664,24,2861,C
6607,7894,"1997-10-21 00:00:00",153144,36,4254,C
6242,6097,"1997-10-22 00:00:00",26208,36,728,C
7242,11027,"1997-10-23 00:00:00",48096,24,2004,C
7277,11231,"1997-10-24 00:00:00",89280,12,7440,A
6675,8158,"1997-11-01 00:00:00",238716,36,6631,C
5398,2187,"1997-11-04 00:00:00",53472,12,4456,A
5956,4725,"1997-11-04 00:00:00",168264,36,4674,C
5731,3711,"1997-11-05 00:00:00",460980,60,7683,D
6956,9631,"1997-11-09 00:00:00",59448,24,2477,C
6437,7052,"1997-11-09 00:00:00",63972,36,1777,D
5447,2335,"1997-11-12 00:00:00",541200,60,9020,D
5973,4784,"1997-11-24 00:00:00",219456,48,4572,C
6075,5267,"1997-11-26 00:00:00",129312,24,5388,D
5281,1580,"1997-11-27 00:00:00",194256,24,8094,C
5103,666,"1997-11-28 00:00:00",12540,12,1045,A
6468,7176,"1997-11-30 00:00:00",203940,60,3399,C
